code,description,vocabulary
I40.0,Infective myocarditis,ICD10
I40.1,Isolated myocarditis,ICD10
I40.8,Other acute myocarditis,ICD10
I40.9,Acute myocarditis unspecified,ICD10
I41.0,Myocarditis in bacterial diseases classified elsewhere,ICD10
I41.1,Myocarditis in viral diseases classified elsewhere,ICD10
I51.4,Myocarditis unspecified,ICD10
I09.0,Rheumatic myocarditis,ICD10
I30.9,Acute pericarditis unspecified,ICD10
I25.10,Atherosclerotic heart disease of native coronary artery,ICD10CM
I42.9,Cardiomyopathy unspecified,ICD10CM
I40.0,Infective myocarditis,ICD10CM
I40.1,Isolated myocarditis,ICD10CM
I40.9,Acute myocarditis unspecified,ICD10CM
I51.4,Myocarditis unspecified,ICD10CM
K75.4,Autoimmune hepatitis,ICD10CM
54093004,Viral myocarditis,SNOMED
50920009,Myocarditis,SNOMED
70211002,Acute myocarditis,SNOMED
64274006,Chronic myocarditis,SNOMED
28571003,Autoimmune myocarditis,SNOMED
3238004,Rheumatic myocarditis,SNOMED
56265001,Heart disease,SNOMED
36083008,Pericarditis,SNOMED
22298006,Myocardial infarction,SNOMED
85898001,Myopericarditis,SNOMED
G071,Symptoms/complaints heart/vascular NOS,ICPC
K87,Cardiovascular disease other,ICPC
K70,Congenital heart disease,ICPC
K86,Hypertension uncomplicated,ICPC
X99xy0,Acute myocarditis,RCD2
X99xy1,Viral myocarditis,RCD2
X99xy2,Chronic myocarditis,RCD2
X76xz0,Pericarditis acute,RCD2
G61.0,Guillain-Barre syndrome,ICD10
G61.8,Other inflammatory polyneuropathies,ICD10
G61.9,Inflammatory polyneuropathy unspecified,ICD10
G62.9,Polyneuropathy unspecified,ICD10
G70.0,Myasthenia gravis,ICD10
G61.0,Guillain-Barre syndrome,ICD10CM
G61.81,Chronic inflammatory demyelinating polyneuritis,ICD10CM
41637005,Guillain-Barre syndrome,SNOMED
20261000,Miller Fisher syndrome,SNOMED
263681008,Acute motor axonal neuropathy,SNOMED
78663006,Chronic inflammatory demyelinating polyneuropathy,SNOMED
91637004,Myasthenia gravis,SNOMED
