code,vocabulary,label
I40.0,ICD10,Narrow
I40.1,ICD10,Narrow
I40.8,ICD10,Narrow
I40.9,ICD10,Narrow
I41.0,ICD10,Narrow
I41.1,ICD10,Narrow
I51.4,ICD10,Narrow
I09.0,ICD10,Possible
I30.9,ICD10,Exclude
I40.0,ICD10CM,Narrow
I40.1,ICD10CM,Narrow
I40.9,ICD10CM,Narrow
I51.4,ICD10CM,Narrow
I42.9,ICD10CM,Possible
I25.10,ICD10CM,Exclude
54093004,SNOMED,Narrow
50920009,SNOMED,Narrow
70211002,SNOMED,Narrow
64274006,SNOMED,Narrow
28571003,SNOMED,Narrow
3238004,SNOMED,Possible
56265001,SNOMED,Exclude
36083008,SNOMED,Exclude
22298006,SNOMED,Exclude
85898001,SNOMED,Narrow
